time,agegroup
1,8802,35
2,8979,30
3,9086,30
4,9235,35
5,9450,30
6,9605,40
7,9704,30
8,9713,35
9,10261,35
10,10448,40
11,10468,40
12,10530,35
13,10591,35
14,10616,30
15,10747,30
16,10761,40
17,10774,35
18,10783,50
19,10893,35
20,10945,35
21,11218,45
22,11236,35
23,11258,40
24,11259,55
25,11328,45
26,11335,40
27,11347,35
28,11372,40
29,11393,35
30,11393,40
31,11408,40
32,11417,30
33,11427,30
34,11441,30
35,11457,30
36,11467,40
37,11507,45
38,11511,45
39,11516,50
40,11536,35
41,11545,45
42,11549,30
43,11551,30
44,11678,30
45,11715,40
46,11716,50
47,11724,30
48,11765,30
49,11766,40
50,11766,50
51,11777,40
52,11784,45
53,11798,35
54,11799,35
55,11832,40
56,11872,30
57,11873,30
58,11874,30
59,11886,30
60,11889,30
61,11889,35
62,11911,35
63,11919,40
64,11933,30
65,11984,30
66,11994,50
67,12021,40
68,12038,40
69,12047,30
70,12049,35
71,12096,30
72,12096,40
73,12100,40
74,12105,30
75,12113,35
76,12163,35
77,12195,40
78,12197,35
79,12229,40
80,12232,40
81,12233,55
82,12237,35
83,12266,30
84,12273,35
85,12281,45
86,12290,30
87,12314,45
88,12324,30
89,12331,45
90,12332,50
91,12359,40
92,12366,55
93,12368,30
94,12374,30
95,12386,45
96,12394,45
97,12415,30
98,12419,40
99,12431,45
100,12440,50
101,12447,40
102,12455,35
103,12470,30
104,12471,35
105,12479,35
106,12485,45
107,12497,35
108,12497,50
109,12502,30
110,12521,30
111,12538,30
112,12538,35
113,12540,35
114,12542,35
115,12551,35
116,12556,45
117,12570,30
118,12582,30
119,12583,35
120,12584,30
121,12584,35
122,12585,35
123,12585,40
124,12589,50
125,12598,30
126,12599,35
127,12601,35
128,12603,40
129,12604,45
130,12606,40
131,12613,30
132,12618,50
133,12621,35
134,12626,35
135,12632,45
136,12648,35
137,12648,45
138,12656,35
139,12658,45
140,12661,35
141,12678,30
142,12682,40
143,12689,45
144,12690,40
145,12693,40
146,12704,35
147,12724,55
148,12727,35
149,12728,30
150,12736,35
151,12739,40
152,12740,40
153,12749,45
154,12760,35
155,12780,40
156,12793,40
157,12795,50
158,12801,40
159,12812,35
160,12813,30
161,12824,30
162,12825,35
163,12838,35
164,12841,50
165,12845,40
166,12845,45
167,12849,45
168,12878,30
169,12879,40
170,12888,30
171,12912,35
172,12913,30
173,12918,35
174,12943,45
175,12947,40
176,12968,40
177,12970,30
178,12971,35
179,12972,45
180,12980,40
181,12986,30
182,12989,30
183,12996,40
184,13001,30
185,13001,45
186,13015,35
187,13020,30
188,13025,40
189,13028,45
190,13031,35
191,13036,40
192,13041,40
193,13042,35
194,13047,50
195,13048,40
196,13070,40
197,13072,35
198,13075,35
199,13078,35
200,13079,30
201,13080,35
202,13095,30
203,13108,40
204,13120,40
205,13123,45
206,13124,45
207,13130,50
208,13133,40
209,13135,40
210,13139,35
211,13150,45
212,13152,50
213,13157,30
214,13158,40
215,13161,35
216,13173,35
217,13176,30
218,13176,55
219,13188,30
220,13188,40
221,13197,35
222,13202,30
223,13207,45
224,13212,45
225,13214,30
226,13217,40
227,13218,30
228,13220,30
229,13228,40
230,13233,35
231,13237,30
232,13239,40
233,13245,45
234,13248,40
235,13249,35
236,13263,50
237,13268,30
238,13268,40
239,13270,35
240,13270,40
241,13272,35
242,13274,30
243,13283,40
244,13286,50
245,13289,35
246,13304,35
247,13305,35
248,13308,30
249,13319,40
250,13322,35
251,13334,40
252,13340,40
253,13346,30
254,13358,50
255,13363,40
256,13369,30
257,13369,40
258,13389,45
259,13390,30
260,13393,30
261,13394,35
262,13398,35
263,13399,35
264,13402,30
265,13403,30
266,13403,35
267,13404,35
268,13406,35
269,13406,40
270,13406,50
271,13410,45
272,13412,30
273,13422,35
274,13432,45
275,13432,45
276,13434,35
277,13434,45
278,13434,45
279,13444,35
280,13447,40
281,13449,40
282,13453,40
283,13463,50
284,13463,55
285,13469,45
286,13473,45
287,13475,30
288,13485,30
289,13485,40
290,13488,45
291,13499,40
292,13505,30
293,13505,40
294,13507,55
295,13511,50
296,13518,45
297,13519,30
298,13519,30
299,13522,35
300,13524,35
301,13527,40
302,13537,35
303,13540,35
304,13540,40
305,13541,40
306,13545,50
307,13547,35
308,13551,30
309,13553,35
310,13553,55
311,13556,30
312,13562,35
313,13564,40
314,13567,45
315,13568,35
316,13579,30
317,13581,30
318,13584,40
319,13587,30
320,13590,35
321,13591,40
322,13591,40
323,13593,45
324,13596,35
325,13597,55
326,13598,35
327,13599,40
328,13600,40
329,13605,50
330,13611,35
331,13614,45
332,13616,35
333,13619,40
334,13624,50
335,13625,35
336,13625,35
337,13631,30
338,13635,35
339,13636,45
340,13636,50
341,13639,30
342,13640,40
343,13640,55
344,13642,40
345,13644,30
346,13644,45
347,13652,35
348,13666,35
349,13669,30
350,13671,40
351,13675,35
352,13679,35
353,13679,35
354,13685,30
355,13685,35
356,13688,45
357,13693,45
358,13695,35
359,13695,40
360,13696,30
361,13697,45
362,13698,40
363,13699,35
364,13704,40
365,13711,50
366,13715,35
367,13715,45
368,13717,40
369,13718,30
370,13725,30
371,13725,45
372,13726,35
373,13730,35
374,13731,30
375,13734,30
376,13738,40
377,13739,35
378,13741,40
379,13741,40
380,13744,30
381,13746,40
382,13753,40
383,13754,35
384,13757,35
385,13758,30
386,13758,50
387,13761,35
388,13762,35
389,13763,30
390,13782,45
391,13783,50
392,13786,30
393,13786,30
394,13786,45
395,13789,40
396,13793,45
397,13804,35
398,13806,40
399,13811,30
400,13815,35
401,13821,35
402,13823,35
403,13838,40
404,13840,35
405,13844,30
406,13844,45
407,13845,35
408,13847,30
409,13856,30
410,13857,35
411,13864,30
412,13870,35
413,13875,40
414,13886,30
415,13888,35
416,13890,30
417,13894,35
418,13894,40
419,13895,40
420,13895,45
421,13904,35
422,13904,45
423,13906,35
424,13908,45
425,13920,40
426,13931,40
427,13939,30
428,13945,40
429,13950,35
430,13952,30
431,13952,55
432,13954,45
433,13955,45
434,13957,35
435,13959,40
436,13961,40
437,13961,50
438,13963,40
439,13964,35
440,13964,35
441,13967,45
442,13974,45
443,13976,35
444,13980,35
445,13981,35
446,13982,35
447,13985,40
448,13986,40
449,13987,40
450,13988,30
451,13988,30
452,13988,45
453,13989,35
454,13991,55
455,13993,30
456,13997,35
457,14002,40
458,14004,30
459,14006,30
460,14010,45
461,14011,40
462,14014,35
463,14014,40
464,14015,45
465,14015,50
466,14015,55
467,14016,55
468,14021,40
469,14026,35
470,14027,30
471,14030,35
472,14033,50
473,14035,45
474,14036,45
475,14037,40
476,14041,40
477,14043,40
478,14048,40
479,14048,45
480,14049,35
481,14051,40
482,14053,30
483,14054,50
484,14055,30
485,14058,40
486,14058,45
487,14061,45
488,14063,35
489,14063,40
490,14064,30
491,14068,35
492,14069,40
493,14069,45
494,14070,45
495,14071,40
496,14072,50
497,14073,30
498,14073,35
499,14074,30
500,14075,45
501,14076,35
502,14086,40
503,14087,40
504,14090,30
505,14102,40
506,14105,30
507,14105,35
508,14109,35
509,14109,45
510,14112,40
511,14113,40
512,14118,35
513,14120,30
514,14123,40
515,14127,40
516,14129,35
517,14131,30
518,14131,30
519,14138,30
520,14141,35
521,14142,35
522,14154,30
523,14155,50
524,14156,35
525,14157,40
526,14160,40
527,14162,30
528,14164,30
529,14166,45
530,14167,45
531,14170,40
532,14172,40
533,14175,30
534,14175,40
535,14178,40
536,14179,45
537,14179,45
538,14183,40
539,14185,35
540,14190,50
541,14193,30
542,14193,40
543,14195,30
544,14197,45
545,14197,45
546,14198,30
547,14202,55
548,14205,40
549,14207,45
550,14211,30
551,14212,40
552,14214,40
553,14216,35
554,14225,30
555,14227,35
556,14228,30
557,14229,30
558,14231,40
559,14231,55
560,14232,45
561,14234,35
562,14237,50
563,14240,45
564,14242,40
565,14242,50
566,14246,35
567,14256,30
568,14256,35
569,14257,35
570,14258,45
571,14262,35
572,14263,30
573,14266,35
574,14268,35
575,14270,30
576,14284,30
577,14287,35
578,14290,40
579,14291,40
580,14294,50
581,14298,45
582,14301,45
583,14303,30
584,14304,30
585,14306,35
586,14307,35
587,14308,35
588,14309,30
589,14309,45
590,14312,35
591,14312,40
592,14313,30
593,14314,40
594,14316,35
595,14319,40
596,14320,30
597,14320,50
598,14321,35
599,14323,40
600,14327,50
601,14331,50
602,14339,30
603,14339,45
604,14340,50
605,14343,30
606,14347,35
607,14347,40
608,14351,30
609,14353,40
610,14355,45
611,14356,45
612,14358,30
613,14362,30
614,14362,45
615,14363,30
616,14363,45
617,14364,50
618,14368,45
619,14376,35
620,14378,40
621,14381,30
622,14381,35
623,14382,45
624,14387,45
625,14398,40
626,14399,35
627,14399,55
628,14402,35
629,14404,35
630,14404,45
631,14408,45
632,14409,35
633,14409,35
634,14414,40
635,14414,40
636,14415,50
637,14419,35
638,14421,30
639,14421,50
640,14426,35
641,14426,40
642,14427,45
643,14428,30
644,14429,35
645,14432,40
646,14437,30
647,14438,45
648,14442,50
649,14454,45
650,14455,30
651,14457,40
652,14457,50
653,14460,40
654,14461,40
655,14463,35
656,14465,30
657,14466,30
658,14468,35
659,14468,45
660,14470,35
661,14474,40
662,14478,40
663,14481,30
664,14481,45
665,14483,35
666,14483,40
667,14487,30
668,14488,30
669,14488,45
670,14489,30
671,14490,30
672,14493,40
673,14497,30
674,14505,35
675,14505,35
676,14508,35
677,14513,35
678,14514,50
679,14519,40
680,14521,30
681,14521,40
682,14533,40
683,14535,30
684,14538,40
685,14542,45
686,14543,30
687,14546,30
688,14551,30
689,14551,45
690,14552,50
691,14553,45
692,14555,45
693,14556,35
694,14557,35
695,14557,45
696,14557,45
697,14558,40
698,14558,45
699,14560,40
700,14567,30
701,14568,30
702,14569,30
703,14571,50
704,14572,40
705,14582,40
706,14584,35
707,14584,50
708,14587,30
709,14590,30
710,14592,30
711,14593,40
712,14594,40
713,14599,40
714,14601,30
715,14603,30
716,14604,45
717,14609,35
718,14619,45
719,14621,30
720,14621,35
721,14621,45
722,14622,35
723,14624,30
724,14629,30
725,14631,40
726,14633,40
727,14635,35
728,14635,45
729,14636,45
730,14637,50
731,14638,45
732,14640,35
733,14642,35
734,14647,35
735,14649,40
736,14652,35
737,14655,45
738,14662,40
739,14662,50
740,14663,35
741,14663,35
742,14663,35
743,14667,30
744,14672,30
745,14672,45
746,14673,50
747,14677,30
748,14681,30
749,14681,35
750,14683,45
751,14686,40
752,14688,35
753,14688,35
754,14689,40
755,14693,30
756,14694,35
757,14694,40
758,14694,50
759,14696,45
760,14697,35
761,14699,30
762,14700,40
763,14702,40
764,14703,40
765,14704,45
766,14708,40
767,14715,45
768,14719,50
769,14721,35
770,14732,45
771,14739,40
772,14741,50
773,14744,40
774,14751,30
775,14755,40
776,14756,30
777,14757,40
778,14759,35
779,14762,45
780,14774,35
781,14776,30
782,14779,30
783,14779,45
784,14781,30
785,14781,40
786,14782,30
787,14784,30
788,14786,40
789,14788,35
790,14788,40
791,14790,40
792,14791,50
793,14798,30
794,14798,35
795,14798,35
796,14799,40
797,14801,40
798,14802,35
799,14803,35
800,14810,30
801,14812,50
802,14813,50
803,14819,30
804,14819,35
805,14828,35
806,14829,35
807,14834,50
808,14835,35
809,14835,40
810,14837,30
811,14838,40
812,14843,30
813,14843,40
814,14845,30
815,14846,40
816,14847,40
817,14853,50
818,14855,30
819,14856,40
820,14857,30
821,14860,35
822,14861,35
823,14863,35
824,14864,45
825,14864,55
826,14869,30
827,14875,40
828,14877,30
829,14882,40
830,14885,35
831,14886,35
832,14888,30
833,14888,45
834,14892,30
835,14892,35
836,14892,45
837,14893,45
838,14896,45
839,14900,40
840,14901,40
841,14903,50
842,14906,35
843,14906,55
844,14907,35
845,14911,35
846,14913,35
847,14915,45
848,14918,30
849,14918,30
850,14918,30
851,14918,50
852,14922,45
853,14923,30
854,14927,35
855,14936,30
856,14940,40
857,14942,55
858,14949,35
859,14950,35
860,14951,40
861,14954,40
862,14955,40
863,14956,40
864,14960,30
865,14966,35
866,14966,40
867,14967,45
868,14971,30
869,14972,35
870,14972,55
871,14976,50
872,14978,50
873,14983,30
874,14984,30
875,14986,30
876,14989,40
877,14989,40
878,14990,40
879,14993,30
880,14993,35
881,14993,40
882,14995,30
883,14996,35
884,14996,40
885,14997,50
886,15003,30
887,15005,35
888,15010,30
889,15011,45
890,15017,45
891,15019,30
892,15027,30
893,15027,40
894,15031,35
895,15033,30
896,15033,35
897,15035,40
898,15036,45
899,15037,35
900,15040,30
901,15041,30
902,15042,40
903,15043,40
904,15046,35
905,15049,45
906,15054,40
907,15056,35
908,15056,35
909,15057,40
910,15057,50
911,15058,30
912,15062,35
913,15063,35
914,15063,45
915,15065,45
916,15067,40
917,15067,45
918,15069,35
919,15077,35
920,15078,30
921,15078,30
922,15078,30
923,15080,45
924,15084,45
925,15088,40
926,15092,40
927,15095,30
928,15097,30
929,15099,30
930,15099,40
931,15102,35
932,15107,45
933,15108,55
934,15109,45
935,15109,50
936,15111,35
937,15115,40
938,15117,40
939,15121,45
940,15125,30
941,15125,35
942,15126,35
943,15127,30
944,15127,35
945,15127,50
946,15129,30
947,15129,45
948,15131,45
949,15133,45
950,15135,35
951,15136,55
952,15139,30
953,15139,55
954,15140,30
955,15143,50
956,15146,55
957,15147,40
958,15150,40
959,15154,40
960,15159,30
961,15159,30
962,15161,30
963,15161,40
964,15162,30
965,15168,35
966,15170,35
967,15170,40
968,15179,40
969,15184,35
970,15187,30
971,15189,40
972,15196,50
973,15200,40
974,15201,35
975,15201,40
976,15202,35
977,15205,35
978,15206,30
979,15208,40
980,15208,45
981,15209,40
982,15210,35
983,15213,40
984,15215,45
985,15218,35
986,15219,35
987,15219,45
988,15221,35
989,15226,35
990,15226,40
991,15228,35
992,15232,35
993,15233,40
994,15233,40
995,15236,40
996,15238,50
997,15240,35
998,15244,35
999,15245,45
1000,15246,45
1001,15247,35
1002,15253,35
1003,15256,30
1004,15257,35
1005,15257,40
1006,15259,35
1007,15260,50
1008,15260,55
1009,15265,35
1010,15265,50
1011,15270,35
1012,15272,40
1013,15275,50
1014,15276,35
1015,15280,30
1016,15284,30
1017,15288,45
1018,15290,30
1019,15290,45
1020,15293,45
1021,15294,55
1022,15301,35
1023,15304,35
1024,15305,35
1025,15307,30
1026,15308,40
1027,15314,45
1028,15322,45
1029,15325,30
1030,15326,40
1031,15326,45
1032,15328,35
1033,15328,40
1034,15333,30
1035,15334,30
1036,15336,40
1037,15337,35
1038,15337,35
1039,15339,45
1040,15341,30
1041,15341,35
1042,15342,35
1043,15343,55
1044,15347,40
1045,15349,30
1046,15349,35
1047,15350,40
1048,15353,35
1049,15354,45
1050,15354,50
1051,15359,40
1052,15361,30
1053,15362,30
1054,15363,40
1055,15365,40
1056,15366,35
1057,15367,35
1058,15368,35
1059,15369,35
1060,15370,40
1061,15371,30
1062,15371,35
1063,15372,35
1064,15372,45
1065,15374,30
1066,15375,35
1067,15375,45
1068,15376,35
1069,15379,35
1070,15379,45
1071,15380,45
1072,15380,50
1073,15382,30
1074,15383,35
1075,15384,55
1076,15386,50
1077,15388,30
1078,15390,50
1079,15391,50
1080,15393,35
1081,15393,45
1082,15395,45
1083,15396,30
1084,15397,30
1085,15399,35
1086,15403,40
1087,15407,45
1088,15409,30
1089,15413,30
1090,15417,30
1091,15417,30
1092,15418,45
1093,15419,40
1094,15423,40
1095,15426,30
1096,15426,35
1097,15427,40
1098,15433,35
1099,15437,35
1100,15439,35
1101,15441,45
1102,15443,30
1103,15443,40
1104,15446,35
1105,15447,45
1106,15449,55
1107,15457,35
1108,15458,50
1109,15460,35
1110,15461,30
1111,15464,35
1112,15467,50
1113,15471,30
1114,15471,40
1115,15471,45
1116,15474,35
1117,15476,40
1118,15476,55
1119,15479,55
1120,15482,30
1121,15486,30
1122,15486,40
1123,15489,35
1124,15493,30
1125,15493,40
1126,15493,45
1127,15494,40
1128,15495,35
1129,15495,40
1130,15498,40
1131,15499,35
1132,15500,30
1133,15501,30
1134,15501,40
1135,15501,50
1136,15505,40
1137,15507,35
1138,15507,45
1139,15508,45
1140,15512,35
1141,15512,40
1142,15514,40
1143,15514,40
1144,15518,35
1145,15522,35
1146,15525,40
1147,15525,40
1148,15527,50
1149,15534,40
1150,15536,55
1151,15537,30
1152,15537,40
1153,15538,35
1154,15538,45
1155,15538,50
1156,15541,35
1157,15542,40
1158,15543,35
1159,15543,50
1160,15553,30
1161,15554,50
1162,15555,30
1163,15558,40
1164,15560,45
1165,15564,45
1166,15565,30
1167,15567,30
1168,15567,40
1169,15568,45
1170,15569,35
1171,15570,30
1172,15570,45
1173,15573,40
1174,15576,40
1175,15578,30
1176,15580,35
1177,15582,45
1178,15591,30
1179,15596,40
1180,15598,30
1181,15600,35
1182,15601,45
1183,15607,35
1184,15607,50
1185,15610,40
1186,15611,40
1187,15614,30
1188,15614,40
1189,15615,30
1190,15615,40
1191,15619,40
1192,15621,35
1193,15624,30
1194,15625,30
1195,15628,30
1196,15628,35
1197,15629,45
1198,15632,40
1199,15632,45
1200,15636,30
1201,15636,30
1202,15643,45
1203,15644,35
1204,15649,35
1205,15652,30
1206,15653,30
1207,15655,45
1208,15657,35
1209,15661,50
1210,15662,45
1211,15663,45
1212,15666,45
1213,15670,45
1214,15673,55
1215,15678,30
1216,15678,40
1217,15680,35
1218,15681,50
1219,15684,35
1220,15687,40
1221,15688,45
1222,15700,35
1223,15701,35
1224,15703,35
1225,15705,35
1226,15705,40
1227,15706,35
1228,15706,50
1229,15708,40
1230,15710,35
1231,15716,30
1232,15718,40
1233,15718,45
1234,15719,40
1235,15719,45
1236,15722,45
1237,15724,30
1238,15724,40
1239,15724,45
1240,15726,40
1241,15727,35
1242,15733,55
1243,15736,45
1244,15739,45
1245,15740,50
1246,15741,30
1247,15741,30
1248,15741,40
1249,15743,40
1250,15745,40
1251,15746,30
1252,15748,30
1253,15753,30
1254,15756,30
1255,15757,50
1256,15759,35
1257,15761,35
1258,15761,45
1259,15762,30
1260,15762,35
1261,15763,40
1262,15764,40
1263,15767,30
1264,15771,30
1265,15773,50
1266,15774,30
1267,15774,50
1268,15775,40
1269,15776,50
1270,15779,35
1271,15781,30
1272,15781,50
1273,15783,30
1274,15783,40
1275,15786,40
1276,15787,35
1277,15788,40
1278,15788,50
1279,15791,35
1280,15793,30
1281,15793,35
1282,15794,40
1283,15796,30
1284,15801,30
1285,15801,35
1286,15801,40
1287,15803,50
1288,15804,40
1289,15807,30
1290,15807,35
1291,15809,30
1292,15809,40
1293,15809,45
1294,15810,40
1295,15811,40
1296,15811,40
1297,15814,45
1298,15816,40
1299,15820,30
1300,15826,35
1301,15826,40
1302,15826,55
1303,15827,50
1304,15828,45
1305,15833,55
1306,15834,30
1307,15834,50
1308,15836,50
1309,15837,40
1310,15838,40
1311,15839,35
1312,15839,35
1313,15839,40
1314,15840,30
1315,15840,35
1316,15840,40
1317,15840,45
1318,15841,40
1319,15841,45
1320,15842,30
1321,15843,55
1322,15850,30
1323,15851,50
1324,15855,45
1325,15856,30
1326,15857,55
1327,15859,30
1328,15859,50
1329,15860,30
1330,15861,30
1331,15861,45
1332,15862,30
1333,15863,35
1334,15864,40
1335,15865,40
1336,15866,30
1337,15870,40
1338,15871,35
1339,15872,35
1340,15874,40
1341,15875,40
1342,15877,45
1343,15879,45
1344,15883,45
1345,15884,45
1346,15886,45
1347,15886,45
1348,15886,55
1349,15887,35
1350,15888,40
1351,15891,30
1352,15893,40
1353,15895,30
1354,15895,35
1355,15896,30
1356,15896,35
1357,15899,30
1358,15903,30
1359,15905,40
1360,15906,40
1361,15914,40
1362,15920,35
1363,15922,30
1364,15923,35
1365,15925,30
1366,15925,30
1367,15928,45
1368,15931,45
1369,15932,35
1370,15932,45
1371,15934,35
1372,15935,30
1373,15941,40
1374,15944,35
1375,15946,35
1376,15948,35
1377,15950,40
1378,15950,50
1379,15951,35
1380,15953,30
1381,15953,35
1382,15956,30
1383,15958,45
1384,15962,45
1385,15962,50
1386,15965,45
1387,15967,30
1388,15970,50
1389,15971,45
1390,15973,35
1391,15973,50
1392,15974,35
1393,15976,40
1394,15976,50
1395,15977,35
1396,15980,30
1397,15984,40
1398,15984,40
1399,15987,35
1400,15987,45
1401,15987,55
1402,15990,35
1403,15993,40
1404,15995,35
1405,15996,30
1406,15997,40
1407,15999,40
1408,16001,30
1409,16005,40
1410,16006,35
1411,16006,45
1412,16007,35
1413,16008,30
1414,16016,45
1415,16017,30
1416,16024,45
1417,16025,40
1418,16027,30
1419,16028,35
1420,16030,40
1421,16030,45
1422,16031,40
1423,16032,30
1424,16033,40
1425,16034,35
1426,16034,40
1427,16035,45
1428,16036,50
1429,16037,35
1430,16038,40
1431,16039,35
1432,16044,30
1433,16044,35
1434,16045,45
1435,16046,30
1436,16046,40
1437,16052,40
1438,16052,45
1439,16054,30
1440,16056,45
1441,16057,50
1442,16058,30
1443,16060,40
1444,16063,40
1445,16064,45
1446,16067,30
1447,16067,35
1448,16067,50
1449,16069,40
1450,16071,30
1451,16071,45
1452,16071,45
1453,16072,50
1454,16075,35
1455,16076,45
1456,16077,30
1457,16077,40
1458,16078,30
1459,16078,45
1460,16083,30
1461,16086,40
1462,16090,40
1463,16090,45
1464,16090,50
1465,16091,55
1466,16092,30
1467,16093,35
1468,16096,45
1469,16098,30
1470,16099,30
1471,16101,35
1472,16102,45
1473,16103,30
1474,16103,40
1475,16104,30
1476,16104,45
1477,16105,40
1478,16114,40
1479,16114,40
1480,16116,30
1481,16116,40
1482,16119,30
1483,16119,35
1484,16123,50
1485,16124,35
1486,16124,40
1487,16125,45
1488,16130,35
1489,16132,30
1490,16134,35
1491,16137,30
1492,16147,45
1493,16149,50
1494,16150,30
1495,16151,35
1496,16154,30
1497,16154,40
1498,16159,40
1499,16161,35
1500,16161,40
1501,16164,40
1502,16168,45
1503,16170,30
1504,16170,35
1505,16173,40
1506,16174,30
1507,16174,40
1508,16175,35
1509,16177,40
1510,16178,35
1511,16179,45
1512,16181,50
1513,16186,30
1514,16190,30
1515,16192,35
1516,16192,45
1517,16193,35
1518,16194,30
1519,16196,40
1520,16197,35
1521,16198,40
1522,16199,40
1523,16202,50
1524,16209,30
1525,16211,30
1526,16217,50
1527,16218,40
1528,16218,40
1529,16224,45
1530,16225,30
1531,16225,40
1532,16229,40
1533,16229,50
1534,16230,55
1535,16239,40
1536,16240,35
1537,16242,45
1538,16244,40
1539,16244,40
1540,16245,40
1541,16246,35
1542,16247,35
1543,16249,40
1544,16250,30
1545,16252,45
1546,16253,30
1547,16254,45
1548,16257,40
1549,16260,30
1550,16260,35
1551,16261,30
1552,16261,30
1553,16262,35
1554,16263,35
1555,16264,40
1556,16266,35
1557,16267,30
1558,16269,40
1559,16272,45
1560,16275,30
1561,16276,35
1562,16276,35
1563,16276,40
1564,16282,45
1565,16286,30
1566,16290,35
1567,16290,50
1568,16294,40
1569,16296,35
1570,16296,40
1571,16298,40
1572,16302,40
1573,16303,30
1574,16303,35
1575,16304,35
1576,16311,30
1577,16312,40
1578,16314,35
1579,16316,55
1580,16319,30
1581,16322,45
1582,16323,30
1583,16323,30
1584,16323,40
1585,16327,45
1586,16329,35
1587,16330,35
1588,16331,40
1589,16334,30
1590,16337,30
1591,16348,45
1592,16357,45
1593,16358,35
1594,16359,30
1595,16359,50
1596,16359,50
1597,16361,45
1598,16363,30
1599,16363,50
1600,16364,35
1601,16365,40
1602,16369,40
1603,16370,35
1604,16371,40
1605,16371,40
1606,16372,30
1607,16372,35
1608,16373,35
1609,16375,40
1610,16383,45
1611,16385,35
1612,16387,35
1613,16392,35
1614,16394,30
1615,16395,40
1616,16396,30
1617,16399,30
1618,16401,35
1619,16402,35
1620,16406,30
1621,16407,35
1622,16408,30
1623,16412,50
1624,16415,40
1625,16415,40
1626,16415,45
1627,16417,30
1628,16419,30
1629,16420,40
1630,16422,35
1631,16424,55
1632,16426,30
1633,16429,40
1634,16430,40
1635,16435,30
1636,16436,30
1637,16438,30
1638,16438,45
1639,16439,45
1640,16443,30
1641,16444,30
1642,16444,30
1643,16444,30
1644,16444,40
1645,16445,40
1646,16447,30
1647,16453,30
1648,16454,45
1649,16460,35
1650,16464,40
1651,16466,35
1652,16467,40
1653,16467,55
1654,16468,30
1655,16468,30
1656,16470,40
1657,16474,35
1658,16475,35
1659,16475,50
1660,16478,45
1661,16479,35
1662,16479,40
1663,16481,30
1664,16482,40
1665,16483,50
1666,16485,30
1667,16486,30
1668,16486,45
1669,16488,55
1670,16490,35
1671,16491,30
1672,16492,30
1673,16493,40
1674,16496,45
1675,16497,40
1676,16499,50
1677,16505,40
1678,16516,30
1679,16517,40
1680,16520,35
1681,16520,40
1682,16521,35
1683,16521,35
1684,16522,40
1685,16524,35
1686,16526,35
1687,16526,40
1688,16534,40
1689,16537,40
1690,16538,45
1691,16540,55
1692,16545,45
1693,16546,35
1694,16549,35
1695,16549,40
1696,16553,40
1697,16555,30
1698,16558,30
1699,16563,45
1700,16565,30
1701,16565,40
1702,16567,40
1703,16570,50
1704,16572,35
1705,16574,45
1706,16574,45
1707,16574,55
1708,16575,55
1709,16577,45
1710,16579,45
1711,16581,50
1712,16583,30
1713,16584,30
1714,16588,45
1715,16588,50
1716,16589,50
1717,16593,35
1718,16595,50
1719,16596,35
1720,16599,35
1721,16599,40
1722,16599,40
1723,16600,35
1724,16600,40
1725,16601,30
1726,16604,35
1727,16604,45
1728,16608,40
1729,16610,55
1730,16611,30
1731,16614,40
1732,16614,45
1733,16615,35
1734,16616,45
1735,16620,35
1736,16622,35
1737,16623,45
1738,16623,50
1739,16624,45
1740,16626,30
1741,16626,30
1742,16627,40
1743,16628,30
1744,16628,45
1745,16628,50
1746,16629,30
1747,16630,40
1748,16630,45
1749,16633,30
1750,16634,40
1751,16641,45
1752,16641,45
1753,16643,30
1754,16644,30
1755,16644,30
1756,16644,50
1757,16645,35
1758,16645,40
1759,16649,40
1760,16649,40
1761,16649,40
1762,16650,50
1763,16652,30
1764,16652,45
1765,16653,35
1766,16661,35
1767,16662,30
1768,16665,35
1769,16666,35
1770,16667,35
1771,16670,50
1772,16672,45
1773,16672,50
1774,16673,35
1775,16675,35
1776,16676,30
1777,16685,40
1778,16685,45
1779,16688,40
1780,16691,50
1781,16692,30
1782,16698,40
1783,16699,35
1784,16709,45
1785,16712,35
1786,16712,40
1787,16714,40
1788,16715,35
1789,16716,35
1790,16716,45
1791,16721,30
1792,16721,30
1793,16722,50
1794,16724,40
1795,16725,35
1796,16726,55
1797,16726,55
1798,16727,45
1799,16732,35
1800,16735,55
1801,16737,30
1802,16739,35
1803,16740,50
1804,16741,40
1805,16742,35
1806,16743,40
1807,16743,45
1808,16744,35
1809,16748,35
1810,16749,55
1811,16750,45
1812,16751,40
1813,16752,30
1814,16752,35
1815,16754,30
1816,16762,45
1817,16763,40
1818,16763,50
1819,16765,50
1820,16767,35
1821,16767,45
1822,16768,35
1823,16770,35
1824,16774,30
1825,16774,45
1826,16775,40
1827,16775,50
1828,16776,45
1829,16777,30
1830,16781,35
1831,16783,30
1832,16788,30
1833,16792,50
1834,16793,35
1835,16794,30
1836,16797,55
1837,16799,30
1838,16803,50
1839,16804,40
1840,16804,45
1841,16812,50
1842,16813,50
1843,16816,30
1844,16819,55
1845,16820,45
1846,16823,40
1847,16823,45
1848,16824,40
1849,16826,40
1850,16826,50
1851,16828,30
1852,16833,40
1853,16835,45
1854,16836,35
1855,16836,40
1856,16836,40
1857,16839,40
1858,16839,40
1859,16842,40
1860,16843,35
1861,16843,55
1862,16844,30
1863,16844,40
1864,16845,50
1865,16846,30
1866,16847,40
1867,16847,45
1868,16847,55
1869,16849,35
1870,16851,30
1871,16854,40
1872,16854,55
1873,16855,30
1874,16856,40
1875,16864,35
1876,16864,40
1877,16865,50
1878,16869,30
1879,16869,35
1880,16871,30
1881,16873,35
1882,16875,35
1883,16875,35
1884,16878,30
1885,16878,45
1886,16879,45
1887,16880,40
1888,16882,45
1889,16883,40
1890,16887,40
1891,16888,30
1892,16889,50
1893,16891,35
1894,16893,35
1895,16894,30
1896,16894,40
1897,16896,50
1898,16898,45
1899,16902,45
1900,16904,30
1901,16905,30
1902,16905,40
1903,16913,30
1904,16913,30
1905,16915,50
1906,16916,30
1907,16917,45
1908,16918,35
1909,16920,35
1910,16920,40
1911,16922,40
1912,16922,40
1913,16922,45
1914,16923,35
1915,16923,45
1916,16926,40
1917,16928,45
1918,16933,35
1919,16934,45
1920,16936,30
1921,16936,55
1922,16939,30
1923,16940,45
1924,16942,55
1925,16943,35
1926,16944,35
1927,16945,35
1928,16946,40
1929,16948,35
1930,16948,45
1931,16949,30
1932,16950,45
1933,16951,45
1934,16952,30
1935,16952,35
1936,16952,45
1937,16954,35
1938,16955,45
1939,16956,35
1940,16956,40
1941,16960,30
1942,16961,45
1943,16962,45
1944,16967,35
1945,16970,55
1946,16974,30
1947,16976,30
1948,16976,40
1949,16976,55
1950,16977,45
1951,16978,30
1952,16979,35
1953,16980,35
1954,16980,40
1955,16983,30
1956,16986,40
1957,16989,40
1958,16990,40
1959,16998,30
1960,17000,35
1961,17002,45
1962,17003,35
1963,17004,55
1964,17015,30
1965,17018,50
1966,17019,40
1967,17020,30
1968,17021,30
1969,17021,45
1970,17023,45
1971,17028,45
1972,17029,30
1973,17030,35
1974,17033,35
1975,17035,55
1976,17036,45
1977,17037,35
1978,17041,45
1979,17042,30
1980,17045,45
1981,17045,50
1982,17050,30
1983,17051,35
1984,17051,40
1985,17051,40
1986,17054,45
1987,17057,45
1988,17065,40
1989,17067,50
1990,17068,30
1991,17068,40
1992,17070,30
1993,17070,40
1994,17071,30
1995,17076,35
1996,17077,35
1997,17079,35
1998,17080,40
1999,17081,35
2000,17082,35
2001,17083,35
2002,17084,30
2003,17087,45
2004,17091,45
2005,17094,35
2006,17097,45
2007,17097,50
2008,17099,40
2009,17099,50
2010,17103,40
2011,17103,45
2012,17105,40
2013,17106,30
2014,17106,35
2015,17107,30
2016,17109,30
2017,17110,30
2018,17112,45
2019,17114,45
2020,17115,50
2021,17115,55
2022,17123,45
2023,17124,40
2024,17125,45
2025,17133,30
2026,17133,35
2027,17133,35
2028,17136,40
2029,17146,45
2030,17153,35
2031,17158,40
2032,17161,45
2033,17162,45
2034,17167,30
2035,17171,40
2036,17173,45
2037,17174,45
2038,17176,35
2039,17178,45
2040,17179,50
2041,17181,30
2042,17184,35
2043,17184,50
2044,17188,40
2045,17190,35
2046,17192,35
2047,17192,40
2048,17194,30
2049,17194,45
2050,17196,35
2051,17197,30
2052,17199,40
2053,17205,35
2054,17205,40
2055,17205,50
2056,17209,50
2057,17214,40
2058,17222,30
2059,17222,35
2060,17226,45
2061,17229,40
2062,17232,35
2063,17236,30
2064,17236,30
2065,17237,30
2066,17238,35
2067,17239,35
2068,17240,30
2069,17246,50
2070,17247,40
2071,17251,35
2072,17260,40
2073,17262,30
2074,17270,40
2075,17271,45
2076,17273,55
2077,17275,40
2078,17276,30
2079,17278,30
2080,17279,35
2081,17279,40
2082,17287,30
2083,17287,45
2084,17290,50
2085,17300,30
2086,17300,30
2087,17301,40
2088,17302,30
2089,17309,35
2090,17311,50
2091,17316,40
2092,17322,40
2093,17323,35
2094,17323,45
2095,17323,50
2096,17329,30
2097,17335,35
2098,17335,40
2099,17338,45
2100,17339,35
2101,17339,40
2102,17341,35
2103,17342,30
2104,17342,50
2105,17344,30
2106,17345,30
2107,17349,40
2108,17354,30
2109,17354,45
2110,17355,50
2111,17360,30
2112,17362,35
2113,17362,45
2114,17362,45
2115,17365,35
2116,17365,40
2117,17366,50
2118,17372,55
2119,17375,35
2120,17375,45
2121,17376,30
2122,17382,30
2123,17386,55
2124,17388,35
2125,17389,40
2126,17390,40
2127,17390,50
2128,17393,50
2129,17394,30
2130,17394,30
2131,17396,30
2132,17396,35
2133,17398,30
2134,17398,35
2135,17402,45
2136,17403,30
2137,17405,45
2138,17406,45
2139,17407,30
2140,17408,50
2141,17414,55
2142,17417,55
2143,17418,35
2144,17418,40
2145,17418,40
2146,17419,35
2147,17419,40
2148,17419,45
2149,17420,45
2150,17421,55
2151,17423,40
2152,17426,45
2153,17428,40
2154,17428,50
2155,17429,30
2156,17432,50
2157,17433,40
2158,17434,40
2159,17434,45
2160,17435,40
2161,17437,50
2162,17446,30
2163,17448,40
2164,17449,30
2165,17455,55
2166,17458,30
2167,17458,40
2168,17458,45
2169,17462,50
2170,17463,40
2171,17465,40
2172,17468,45
2173,17475,30
2174,17475,35
2175,17477,40
2176,17480,35
2177,17484,35
2178,17485,45
2179,17493,35
2180,17498,40
2181,17502,40
2182,17504,30
2183,17508,40
2184,17509,35
2185,17511,35
2186,17517,50
2187,17518,40
2188,17519,55
2189,17520,35
2190,17521,35
2191,17521,35
2192,17524,45
2193,17527,40
2194,17527,45
2195,17529,40
2196,17534,55
2197,17537,45
2198,17544,45
2199,17549,30
2200,17552,35
2201,17554,30
2202,17557,40
2203,17557,45
2204,17559,45
2205,17559,55
2206,17563,35
2207,17563,35
2208,17563,40
2209,17564,35
2210,17565,35
2211,17569,40
2212,17571,35
2213,17572,40
2214,17572,40
2215,17573,45
2216,17577,55
2217,17578,40
2218,17581,45
2219,17590,45
2220,17594,45
2221,17603,30
2222,17606,45
2223,17611,30
2224,17614,35
2225,17618,30
2226,17621,30
2227,17623,35
2228,17623,40
2229,17623,40
2230,17631,45
2231,17638,40
2232,17645,30
2233,17646,30
2234,17650,50
2235,17653,30
2236,17660,45
2237,17662,40
2238,17662,55
2239,17666,30
2240,17667,45
2241,17667,45
2242,17669,50
2243,17670,30
2244,17670,45
2245,17673,35
2246,17674,30
2247,17678,30
2248,17678,40
2249,17682,35
2250,17684,35
2251,17685,35
2252,17686,35
2253,17687,50
2254,17688,45
2255,17688,50
2256,17688,55
2257,17691,30
2258,17701,30
2259,17702,35
2260,17704,30
2261,17704,40
2262,17710,40
2263,17713,30
2264,17713,50
2265,17714,50
2266,17717,30
2267,17719,45
2268,17725,30
2269,17734,35
2270,17734,50
2271,17735,45
2272,17741,30
2273,17746,35
2274,17747,45
2275,17749,35
2276,17753,40
2277,17754,35
2278,17756,45
2279,17757,40
2280,17759,55
2281,17761,40
2282,17763,40
2283,17763,40
2284,17765,35
2285,17768,30
2286,17780,30
2287,17783,35
2288,17786,40
2289,17786,50
2290,17788,40
2291,17792,45
2292,17794,35
2293,17805,45
2294,17807,35
2295,17807,50
2296,17809,40
2297,17815,35
2298,17821,40
2299,17822,30
2300,17828,35
2301,17837,35
2302,17838,40
2303,17843,30
2304,17844,30
2305,17848,30
2306,17848,40
2307,17849,45
2308,17856,30
2309,17858,55
2310,17860,30
2311,17861,35
2312,17861,35
2313,17862,35
2314,17868,40
2315,17872,35
2316,17875,35
2317,17876,55
2318,17878,45
2319,17879,50
2320,17881,30
2321,17881,40
2322,17886,35
2323,17889,40
2324,17893,40
2325,17894,40
2326,17895,55
2327,17896,45
2328,17902,35
2329,17903,30
2330,17906,30
2331,17907,55
2332,17909,35
2333,17915,35
2334,17915,55
2335,17918,30
2336,17919,45
2337,17920,30
2338,17920,30
2339,17928,35
2340,17928,50
2341,17929,30
2342,17932,40
2343,17935,40
2344,17945,40
2345,17945,40
2346,17949,40
2347,17950,45
2348,17954,35
2349,17957,30
2350,17957,30
2351,17962,40
2352,17966,55
2353,17970,35
2354,17982,30
2355,17982,45
2356,17987,45
2357,17993,45
2358,17996,30
2359,17998,35
2360,18000,35
2361,18001,35
2362,18010,50
2363,18022,30
2364,18023,30
2365,18023,55
2366,18025,45
2367,18029,30
2368,18032,35
2369,18034,35
2370,18035,35
2371,18040,30
2372,18040,45
2373,18041,30
2374,18041,40
2375,18050,35
2376,18053,45
2377,18056,35
2378,18059,40
2379,18062,55
2380,18072,40
2381,18091,35
2382,18091,35
2383,18092,30
2384,18092,35
2385,18102,40
2386,18103,55
2387,18104,50
2388,18106,35
2389,18109,40
2390,18112,35
2391,18113,50
2392,18114,35
2393,18121,30
2394,18125,30
2395,18125,35
2396,18129,30
2397,18131,30
2398,18131,45
2399,18134,35
2400,18135,40
2401,18136,50
2402,18141,45
2403,18142,30
2404,18145,45
2405,18147,50
2406,18150,35
2407,18161,50
2408,18163,40
2409,18168,40
2410,18172,50
2411,18175,45
2412,18180,35
2413,18182,45
2414,18185,55
2415,18191,35
2416,18194,40
2417,18203,45
2418,18206,50
2419,18207,50
2420,18223,30
2421,18226,40
2422,18228,30
2423,18232,50
2424,18232,55
2425,18233,30
2426,18238,35
2427,18245,55
2428,18248,35
2429,18248,40
2430,18250,45
2431,18251,35
2432,18252,50
2433,18254,45
2434,18262,50
2435,18271,30
2436,18279,30
2437,18290,40
2438,18291,40
2439,18297,30
2440,18303,35
2441,18304,30
2442,18308,45
2443,18318,30
2444,18323,40
2445,18324,40
2446,18327,45
2447,18337,30
2448,18344,35
2449,18348,35
2450,18360,35
2451,18362,45
2452,18364,50
2453,18368,35
2454,18375,50
2455,18379,50
2456,18380,35
2457,18390,40
2458,18403,40
2459,18408,30
2460,18410,40
2461,18410,55
2462,18416,45
2463,18427,50
2464,18434,30
2465,18444,35
2466,18447,40
2467,18453,30
2468,18455,50
2469,18457,45
2470,18462,30
2471,18463,45
2472,18464,30
2473,18482,30
2474,18482,45
2475,18482,55
2476,18489,40
2477,18504,30
2478,18505,40
2479,18510,35
2480,18516,40
2481,18531,50
2482,18541,30
2483,18541,30
2484,18542,50
2485,18544,35
2486,18557,35
2487,18559,30
2488,18560,30
2489,18567,45
2490,18574,50
2491,18577,50
2492,18578,30
2493,18582,30
2494,18587,40
2495,18590,45
2496,18593,30
2497,18596,35
2498,18602,40
2499,18603,35
2500,18611,30
2501,18615,50
2502,18616,30
2503,18616,55
2504,18625,30
2505,18629,35
2506,18629,45
2507,18633,40
2508,18635,35
2509,18639,45
2510,18644,30
2511,18647,35
2512,18648,35
2513,18652,40
2514,18657,40
2515,18660,50
2516,18662,30
2517,18665,30
2518,18666,35
2519,18667,35
2520,18675,30
2521,18675,40
2522,18682,40
2523,18688,50
2524,18690,40
2525,18705,55
2526,18711,45
2527,18711,55
2528,18721,45
2529,18722,35
2530,18724,40
2531,18726,40
2532,18726,45
2533,18727,35
2534,18728,35
2535,18728,35
2536,18728,40
2537,18729,50
2538,18742,30
2539,18742,35
2540,18748,40
2541,18748,45
2542,18751,40
2543,18752,35
2544,18755,45
2545,18758,45
2546,18768,30
2547,18769,30
2548,18784,50
2549,18785,30
2550,18790,35
2551,18794,45
2552,18797,35
2553,18799,35
2554,18801,45
2555,18802,50
2556,18803,45
2557,18810,45
2558,18814,40
2559,18821,30
2560,18821,35
2561,18822,30
2562,18824,30
2563,18824,55
2564,18832,30
2565,18834,40
2566,18835,40
2567,18836,30
2568,18844,50
2569,18848,40
2570,18850,40
2571,18867,35
2572,18881,35
2573,18882,50
2574,18890,30
2575,18896,35
2576,18896,35
2577,18908,40
2578,18915,55
2579,18920,30
2580,18923,45
2581,18924,55
2582,18926,35
2583,18927,50
2584,18940,30
2585,18940,55
2586,18948,50
2587,18955,45
2588,18956,35
2589,18956,40
2590,18963,30
2591,18990,30
2592,18991,55
2593,18993,45
2594,18995,35
2595,18995,40
2596,19008,40
2597,19008,45
2598,19012,30
2599,19013,45
2600,19015,40
2601,19033,50
2602,19036,35
2603,19037,55
2604,19039,30
2605,19049,30
2606,19056,40
2607,19070,30
2608,19093,30
2609,19101,45
2610,19103,45
2611,19106,35
2612,19107,30
2613,19110,35
2614,19112,40
2615,19116,30
2616,19116,35
2617,19119,35
2618,19121,40
2619,19132,30
2620,19132,30
2621,19132,30
2622,19145,40
2623,19155,45
2624,19157,40
2625,19167,40
2626,19167,50
2627,19168,45
2628,19171,30
2629,19174,50
2630,19186,50
2631,19205,45
2632,19240,35
2633,19241,30
2634,19246,40
2635,19251,30
2636,19251,40
2637,19254,45
2638,19261,55
2639,19284,30
2640,19287,40
2641,19310,40
2642,19320,40
2643,19328,50
2644,19349,45
2645,19362,45
2646,19363,30
2647,19371,40
2648,19375,50
2649,19379,35
2650,19380,45
2651,19383,45
2652,19396,55
2653,19401,40
2654,19409,45
2655,19417,40
2656,19424,45
2657,19427,30
2658,19433,35
2659,19446,35
2660,19446,35
2661,19447,35
2662,19456,30
2663,19466,30
2664,19495,30
2665,19515,30
2666,19515,35
2667,19526,35
2668,19543,35
2669,19550,50
2670,19554,50
2671,19560,40
2672,19582,50
2673,19587,35
2674,19616,35
2675,19628,35
2676,19641,30
2677,19656,40
2678,19667,40
2679,19672,40
2680,19695,45
2681,19698,40
2682,19706,55
2683,19710,30
2684,19717,30
2685,19718,50
2686,19726,40
2687,19734,35
2688,19745,40
2689,19746,45
2690,19756,50
2691,19759,35
2692,19759,40
2693,19767,40
2694,19773,50
2695,19802,30
2696,19802,35
2697,19802,55
2698,19806,35
2699,19828,35
2700,19840,45
2701,19865,30
2702,19866,30
2703,19868,30
2704,19876,35
2705,19883,40
2706,19886,30
2707,19915,55
2708,19924,55
2709,19944,35
2710,19957,35
2711,19957,50
2712,19959,40
2713,19962,45
2714,19981,40
2715,20008,55
2716,20011,35
2717,20020,35
2718,20025,45
2719,20029,40
2720,20084,35
2721,20105,30
2722,20113,30
2723,20119,45
2724,20123,45
2725,20126,35
2726,20138,40
2727,20206,35
2728,20219,30
2729,20240,50
2730,20242,40
2731,20282,50
2732,20291,35
2733,20296,50
2734,20311,40
2735,20322,35
2736,20323,45
2737,20329,30
2738,20331,40
2739,20338,35
2740,20341,35
2741,20343,45
2742,20373,35
2743,20374,45
2744,20376,30
2745,20376,35
2746,20398,35
2747,20402,35
2748,20406,30
2749,20408,45
2750,20431,40
2751,20468,30
2752,20491,45
2753,20493,50
2754,20502,45
2755,20516,35
2756,20535,40
2757,20545,40
2758,20547,50
2759,20548,45
2760,20554,35
2761,20566,30
2762,20585,35
2763,20593,40
2764,20628,55
2765,20648,30
2766,20669,30
2767,20674,40
2768,20680,35
2769,20707,35
2770,20734,40
2771,20762,50
2772,20765,40
2773,20805,35
2774,20807,40
2775,20841,40
2776,20850,35
2777,20863,40
2778,20899,35
2779,20912,40
2780,20940,40
2781,20946,50
2782,20949,40
2783,20951,35
2784,20952,55
2785,21037,35
2786,21055,40
2787,21077,55
2788,21095,45
2789,21104,30
2790,21117,40
2791,21131,30
2792,21153,35
2793,21159,30
2794,21175,35
2795,21176,45
2796,21235,50
2797,21268,30
2798,21284,35
2799,21294,35
2800,21310,45
2801,21323,30
2802,21342,40
2803,21346,35
2804,21397,45
2805,21482,45
2806,21482,55
2807,21498,50
2808,21499,40
2809,21556,50
2810,21622,50
2811,21643,30
2812,21666,40
2813,21672,45
2814,21673,40
2815,21687,35
2816,21722,45
2817,21759,40
2818,21829,40
2819,21839,55
2820,21851,50
2821,21897,50
2822,21998,35
2823,22237,35
2824,22374,50
2825,22474,30
2826,22806,40
2827,23175,50
2828,23190,30
2829,25254,40
